,cluster_micro,cluster_rendements,gamma,c1,log_spread_ticks,p_move,impact1,impact_persist,sigma_spread,vr50,hawkes_n
SOLUSDT,0,1,0.4175,0.4009,0.0,0.2137,0.2119,0.8406,0.6711,2.506,0.3909
ADAUSDT,0,1,0.5874,0.3709,-0.0,0.2462,0.245,0.6834,0.459,0.8563,0.3623
NEARUSDT,0,1,0.487,0.4738,-0.0,0.2591,0.2563,0.7428,0.4709,0.81,0.4653
ATOMUSDT,0,1,0.4283,0.4892,0.0,0.3059,0.2351,0.5069,0.5641,0.7996,0.4563
BCHUSDT,0,1,0.4168,0.4109,-0.0,0.3835,0.3694,0.7063,0.6232,1.0557,0.3729
TRXUSDT,0,1,0.3144,0.3869,-0.0,0.0174,0.0173,0.949,0.14,1.0651,0.3667
LTCUSDT,0,1,0.7083,0.417,-0.0,0.2222,0.2159,0.8094,0.5767,1.7023,0.2968
DOTUSDT,0,1,0.4356,0.4432,0.0,0.21,0.1974,0.6726,0.3592,0.5616,0.3595
SHIBUSDT,0,1,0.4466,0.2561,-0.0,0.1529,0.1522,0.6542,0.2465,0.2873,0.201
FDUSDUSDT,0,0,0.3067,0.3358,-0.0,0.0284,0.0092,0.9311,0.0983,0.2129,0.3936
ETCUSDT,0,1,0.3803,0.5274,-0.0,0.1718,0.1647,0.6211,0.305,0.4862,0.3266
XLMUSDT,0,1,0.5614,0.3875,-0.0,0.2774,0.2761,0.7016,0.4868,0.7997,0.3161
APTUSDT,0,1,0.3131,0.5554,2.3026,0.162,0.1481,0.7708,0.2763,0.3726,0.5432
PEPEUSDT,0,1,0.2371,0.4691,-0.0,0.0636,0.0636,0.8344,0.1887,0.2478,0.3284
ARBUSDT,0,1,0.3555,0.2886,0.0,0.3343,0.3139,0.5691,0.4202,0.4513,0.3926
OPUSDT,0,1,0.3129,0.4844,0.0,0.2443,0.2217,0.6848,0.4024,0.5559,0.5223
BNBUSDT,1,1,0.65,0.572,-0.0,0.4181,0.4277,0.9411,1.6282,7.5944,0.2876
BTCUSDT,1,1,0.5399,0.6649,-0.0,0.4619,8.9989,0.9878,45.0201,4.8988,0.5033
AAVEUSDT,2,1,0.4085,0.6961,0.0,0.6184,0.5457,0.8096,1.4708,3.2944,0.5425
INJUSDT,2,1,0.3603,0.6208,0.0,0.4227,0.3419,0.6555,0.9537,1.4651,0.5508
ETHUSDT,2,1,0.6337,0.7732,0.0,0.5503,0.7108,0.9808,2.9052,8.917,0.5946
AVAXUSDT,2,1,0.3836,0.571,0.0,0.434,0.4118,0.7684,0.9572,2.0859,0.4134
UNIUSDT,2,1,0.3598,0.5621,0.0,0.4735,0.3688,0.7651,0.9931,1.8262,0.5435
DOGEUSDT,3,1,0.5795,0.4267,-0.0,0.3407,0.3373,0.7523,0.8125,2.2889,0.4161
LINKUSDT,3,1,0.3169,0.7152,-0.0,0.3774,0.3539,0.8358,1.0235,3.1296,0.4891
XRPUSDT,3,1,0.4742,0.5094,-0.0,0.3718,0.3607,0.8374,1.0194,3.2398,0.422
SUIUSDT,3,1,0.4826,0.4662,-0.0,0.5242,0.4768,0.7553,1.045,2.0567,0.3671
FILUSDT,3,0,0.654,0.6725,-0.0,0.6084,0.4364,0.8409,1.4378,2.3521,0.5053
WIFUSDT,3,1,0.5141,0.4973,-0.0,0.4429,0.4304,0.7384,0.7594,1.2941,0.4444
HBARUSDT,3,1,0.3579,0.6337,-0.0,0.4648,0.4429,0.7879,1.191,1.8084,0.5343
