,gamma,c1,log_spread_ticks,p_move,impact1,impact_persist,sigma_spread,vr50,hawkes_n
BTCUSDT,0.5399078883607145,0.66486574860924,-5.23868948358426e-10,0.46185487284957616,8.998890000952105,0.9877770638808615,45.02007089574679,4.898821854900843,0.5032813793018613
ETHUSDT,0.6337475830506372,0.7731762748429925,2.182787284231205e-11,0.5503085010283367,0.7107523691615012,0.98080484673064,2.9051777514062,8.91696873166723,0.5945556330234855
SOLUSDT,0.41754512461658266,0.4009391789211127,5.115907697471413e-13,0.213689440682845,0.21185592170313397,0.8406481257976717,0.671113859214812,2.5060071413372706,0.3908614418238133
BNBUSDT,0.6499872417118704,0.5719913980129169,-9.094947017733418e-13,0.41805973605001157,0.4276915952768776,0.9410827760974868,1.6281641884204658,7.594437380040382,0.28759851701933054
XRPUSDT,0.4742087239304633,0.5093944430064666,-1.101341240428216e-13,0.3718019963561927,0.36072285258057335,0.8373505374059856,1.0193860776826216,3.239773018213952,0.4220100473264339
DOGEUSDT,0.5794545710379573,0.42670535621036143,-3.8780090250164235e-13,0.3407010671889364,0.3372903260189184,0.7522679440812966,0.8124625885673863,2.288899355578243,0.4161229785264396
ADAUSDT,0.5873833820104193,0.3708628013022629,-1.101341240428216e-13,0.246155746310134,0.2450441548817318,0.683395352314508,0.45903495526617033,0.8563365440294699,0.3622943241202591
AVAXUSDT,0.38362846178816556,0.5709845249013746,3.3395508580719135e-13,0.43403459344618156,0.4118190425604982,0.7683762534982649,0.957230378371471,2.0858764344837533,0.4134096506920648
LINKUSDT,0.31686997597658917,0.7151905058868508,-5.542233338930317e-13,0.3774451896155599,0.3539304417387943,0.8358230158852333,1.0234885391502921,3.1296391533359245,0.48914582149200225
DOTUSDT,0.4355586005336196,0.44322781167183867,8.881784197001248e-16,0.20999198503873898,0.19736842105263194,0.6726209740987222,0.3592030446577656,0.5616379956671252,0.35949564326290023
LTCUSDT,0.7082905235203758,0.41702555434037564,-1.9895196601284784e-13,0.22220179100086423,0.21587628486841073,0.8093544118412191,0.576704994841761,1.702288670081194,0.29676004133096484
TRXUSDT,0.31436819253956405,0.3868569712951295,-1.101341240428216e-13,0.01742476494718118,0.017279558572590014,0.9489663641299634,0.13997171319265042,1.0651312209163208,0.36673793017601747
BCHUSDT,0.41682289592301713,0.4108826383981578,-5.684341886080963e-14,0.3835137061758797,0.36938630030460473,0.7063350304178604,0.6231834407936995,1.0557457132503993,0.37293209385828596
NEARUSDT,0.4870243500540432,0.4737853593214518,-1.101341240428216e-13,0.25913778473989946,0.25626590953592926,0.7427547666687918,0.47094994050722955,0.8099544982729623,0.465295687842925
ATOMUSDT,0.42825956527122977,0.48920507646358874,1.1191048088220952e-13,0.3059472716125077,0.23507050889025397,0.5068622100648815,0.5641422700975782,0.7995957415492005,0.45630925751392376
UNIUSDT,0.35979884475844526,0.5621080941779665,3.3395508580719135e-13,0.47345151396983653,0.36878576773494864,0.7650928181193803,0.9930802747507484,1.8262360502416506,0.5435323133203642
AAVEUSDT,0.40854055931418043,0.6960510593885003,5.115907697471413e-13,0.6183561981434322,0.5456953914398498,0.809619622021381,1.4707890939968282,3.294400485641247,0.5424714118050054
FILUSDT,0.6539608354504163,0.6724581346056475,-1.101341240428216e-13,0.6083799853958761,0.43637122292155134,0.8409091012996581,1.4378303601766633,2.3520738570840702,0.5053317613754024
ARBUSDT,0.35549181701696475,0.28864081945285236,2.864375403532863e-14,0.33433275351704356,0.3138789709786684,0.5691339119662494,0.4201604688241413,0.4513472636874527,0.3926300847075942
OPUSDT,0.31285850559298445,0.484420514223768,2.864375403532863e-14,0.244281255737103,0.22166330089957845,0.6847571029469262,0.4023638833481373,0.5558522433545908,0.5223083484950274
SUIUSDT,0.4825901295168338,0.4661711273429899,-1.101341240428216e-13,0.524195942602672,0.4767653919559156,0.7553404820012896,1.0449932840119278,2.0567198761399164,0.36710144840617814
APTUSDT,0.31312635627302976,0.5554454530269863,2.302585092994047,0.1620364920541495,0.14808711006474362,0.7707733373472136,0.27629713049624893,0.3725714001672538,0.5432341288504957
INJUSDT,0.36025607842553664,0.6208127829854192,3.3395508580719135e-13,0.42269816000888527,0.3419162563399583,0.6554587071886222,0.9537103272126976,1.4650673216927423,0.5508433796285582
PEPEUSDT,0.23707824674300926,0.4691017189381313,-9.547918011776392e-15,0.06359604918363233,0.06359604918363039,0.8344209050091329,0.18868519827637592,0.24775000139748915,0.3283659429574679
SHIBUSDT,0.4466304357191089,0.25609202393800157,-9.547918011776392e-15,0.1528511372210844,0.1522043764147854,0.6541718584419856,0.2465407948577797,0.2872722279144826,0.2010260706021659
WIFUSDT,0.5141444333846268,0.4972959527012523,-1.101341240428216e-13,0.4429314319412427,0.43044014367664185,0.7383754886103977,0.7594115636872644,1.2941185888977074,0.44441891682264406
FDUSDUSDT,0.3067096423787925,0.33583715469219894,-1.101341240428216e-13,0.028358961431812452,0.009200907486765818,0.9311331411577863,0.09834928565875724,0.21289610797796932,0.3935834187577809
ETCUSDT,0.38027991113178206,0.5274309142814606,-2.1316282072803233e-14,0.17179681576952235,0.16467020470052948,0.6211229280046855,0.3049783577081874,0.4862172487452973,0.3266248835406322
XLMUSDT,0.5614104593251601,0.3875271918053049,-1.101341240428216e-13,0.2773741567202906,0.2760768033212217,0.7016292020970775,0.4868353231157452,0.7997441113985085,0.31606153688772987
HBARUSDT,0.3578675405111429,0.6337473641812634,-3.8780090250164235e-13,0.4647594801018357,0.4428514002412886,0.7879252115620021,1.1909701773806494,1.8084169994120711,0.5343335623279285
